categoria;descricao
Filmes e Séries; Indicação de conteúdos e fãs de filmes/séries.
Tv, Desenhos e Animes; Reality shows, programas de tv e desenhos animados.
Religião; Grupos para troca de experiências religiosas.
Esportes e Academia; Esportes em geral e exercício físico.
Figurinhas e Stickers; Divulgação de figurinhas.
Empregos e Profissões; Procura de empregos e ensino de profissões.
Notícias; Grupos com notícias sobre variados temas.
Ganhar Dinheiro; Grupos investimento e marketing digital.
Frases e Mensagens; frases de diversos assuntos para compartilhamento.
Fãs; Organização de fãs de vários segmentos.
Saúde, Emagrecimento e Beleza; conteúdo voltado para a saúde e produtos de beleza.
Games e Jogos; Jogos digitais de variadas plataformas.
Música; Grupos sobre diversos estilos musicais.
Educação e Estudo; Estudo para concurso, ensino de profissões e idiomas.
Amor e Romance; Busca de diferentes tipos de relacionamento.
Redes Sociais; Grupos para troca de engajamento e atividades em redes sociais.
Memes Rngraçados e Zoeira; Conteúdo humorístico.
Festas, Baladas e Eventos; Divulgação de eventos diversos.
Política; Grupos de apoio e debate político.
Receitas; Receitas de comidas e dietas.
Carros e Motos; Admiradores de automóveis e venda de veículos.